id;name;type;year
1;SMS;Practical;2020-11-18T09:59:44
2;Assurance input;Handcrafted THX;2020-11-18T15:25:46
3;Senior Kids;synergize;2020-11-18T04:34:57
4;teal;synthesize;2020-11-18T03:25:44
5;withdrawal;Plastic Bahraini Dinar;2020-11-18T13:14:57
6;Metal Handcrafted Cotton Sausages;Bedfordshire magnetic;2020-11-18T21:11:43
7;withdrawal;Nebraska;2020-11-18T05:10:23
8;reboot;compelling matrix Program;2020-11-18T18:21:30
9;Won Congolese Franc integrate;white;2020-11-18T13:48:08
10;Factors architectures index;invoice;2020-11-18T00:31:58
