id;total_area;description;status
1;44752;Networked Alabama secured line;lavender
2;79287;Belize Dollar Investment Account e-commerce;mint green Refined Fresh Shoes
3;5124;French Polynesia;system
4;66175;Investment Account exploit;invoice
5;47299;Terrace Ball;UIC-Franc Auto Loan Account mesh
6;67227;Human;synthesize
7;50869;expedite;interface incubate Granite
8;5603;Refined Frozen Pizza silver;superstructure Operative
9;70003;redefine strategize transform;Parks North Dakota
10;30150;productize;panel
